aminoAcid	vMaxResolved	label	count..templates.reads.
CAAKDQNLTNYGYTF	TRBV10-3*01	5	1
CAIREGPTNEKLFF	TRBV10-3*01	5	1
CAIRGTSGRDSEQFF	TRBV10-3*01	5	1
CAISERDISSYEQYF	TRBV10-3*01	5	1
CAISPGQDTDTQYF	TRBV10-3*01	5	1
CAISSGWGNNEQFF	TRBV10-3*01	5	1
CASAQETQYF	TRBV2*01	5	1
CASGPRLLTSEAFF	TRBV27*01	5	1
CASGPTPYNEQFF	TRBV27*01	5	1
CASGQSEKLFF	TRBV14*01	5	1
CASGSGGGYEQYF	TRBV12-3*01	5	1
CASGWTSGSRDTQYF	TRBV5-1*01	5	1
CASIKLPSYEQYF	TRBV6-2*01	5	1
CASISSFRGGSETQYF	TRBV12-3*01	5	1
CASKEGRLAANTGELFF	TRBV19*01	5	1
CASKGLAGAYTDTQYF	TRBV12-3*01	16	1
CASKTSGGVNEQFF	TRBV7-9*01	5	1
CASLGNNSPLHF	TRBV10-3*01	5	1
CASNDRVINEQFF	TRBV6-1*01	5	1
CASNDWDTGELFF	TRBV2*01	5	1
CASQNRGKIYGYTF	TRBV28*01	5	1
CASRDRFYGYTF	TRBV25-1*01	5	1
CASRETGKTDGYTF	TRBV7-9*01	5	1
CASRFARAGGLGTQYF	TRBV12-3*01	5	1
CASRGAGTRTDTQYF	TRBV5-1*01	5	1
CASRGGTPYNEQFF	TRBV12-3*01	5	1
CASRGLAGDEQYF	TRBV10-3*01	5	1
CASRGQGSSNEQFF	TRBV19*01	5	1
CASRKLVNTGELFF	TRBV6-1*01	5	1
CASRLGQGAVSPLHF	TRBV3-1*01	5	1
CASRLRLGAYNEQFF	TRBV27*01	5	1
CASRLSGANVLTF	TRBV5-1*01	5	1
CASRLTAGEYQETQYF	TRBV12-3*01	16	1
CASRPGQNYEQYF	TRBV12-4*01	5	1
CASRPPGQSLRTQYF	TRBV12-3*01	5	1
CASRPRGGARPYEQYF	TRBV28*01	5	1
CASRPSGANVLTF	TRBV12-3*01	5	1
CASRQGENQPQHF	TRBV12-3*01	5	1
CASRQGGSDTQYF	TRBV6-5*01	5	1
CASRRDGTGTYEQYF	TRBV6-5*01	5	1
CASRRDNSYEQYF	TRBV6-1*01	5	1
CASRTRGRAYNEQFF	TRBV7-2*01	5	1
CASRWTSGNTQYF	TRBV27*01	5	1
CASSAASYNEQFF	TRBV6-1*01	5	1
CASSAATSGSMINEQFF	TRBV5-1*01	5	1
CASSAGQGGSYEQYF	TRBV25-1*01	6	1
CASSARDRQHEQFF	TRBV9*01	5	1
CASSAVDRVTSYNEQFF	TRBV27*01	16	1
CASSAWTSTGRRYEQYF	TRBV5-1*01	5	1
CASSDRAQPQHF	TRBV12-3*01	5	1
CASSEALGGQGEKLFF	TRBV2*01	5	1
CASSEGFSYEQYF	TRBV6-2*01	5	1
CASSEGQGETQYF	TRBV11-3*01	5	1
CASSEGRNEQFF	TRBV6-1*01	5	1
CASSERRGGGVTQYF	TRBV2*01	5	1
CASSERSNEQFF	TRBV9*01	5	1
CASSESYGTETQYF	TRBV6-1*01	5	1
CASSETSGFYNEQFF	TRBV11-3*01	5	1
CASSFAPGELFF	TRBV28*01	5	1
CASSFDGNSPLHF	TRBV11-3*01	5	1
CASSFEGGTQETQYF	TRBV5-1*01	6	1
CASSFGAIETQYF	TRBV7-9*01	5	1
CASSFGRGHIEQFF	TRBV12-4*01	5	1
CASSFGTGVNSPLHF	TRBV5-1*01	5	1
CASSFISGGADTGELFF	TRBV7-6*01	5	1
CASSFKGQNTEAFF	TRBV5-1*01	5	1
CASSFKVDTYTEAFF	TRBV11-1*01	5	1
CASSFPGYGLNTEAFF	TRBV6-1*01	16	1
CASSFRETQYF	TRBV7-8*01	5	1
CASSFSGSHLETQYF	TRBV5-1*01	5	1
CASSFSSGANEQFF	TRBV11-1*01	6	1
CASSFTGGNIQYF	TRBV7-9*01	5	1
CASSFTGREAYGYTF	TRBV28*01	5	1
CASSFTSGSYGELFF	TRBV7-3*01	5	2
CASSFWGLSTEAFF	TRBV12-3*01	16	1
CASSGRGSGRKNNEQFF	TRBV2*01	5	1
CASSGRGTEAFF	TRBV5-1*01	5	1
CASSGRTGPGEQYF	TRBV5-1*01	5	1
CASSIAGGYEQYF	TRBV19*01	16	1
CASSIASGIYEQYF	TRBV19*01	16	1
CASSIGQRNYNEQFF	TRBV19*01	5	1
CASSISSSEKLFF	TRBV19*01	16	1
CASSKAGHYEQYF	TRBV5-1*01	5	1
CASSLAANTEAFF	TRBV12-3*01	5	1
CASSLALGGYNEQFF	TRBV6-6*01	5	1
CASSLAPGGGEAFF	TRBV7-2*01	5	1
CASSLAPLDSQPQHF	TRBV7-2*01	5	1
CASSLAPSRPQHF	TRBV12-4*01	5	1
CASSLASGEQYF	TRBV12-3*01	6	1
CASSLASGLVGSSPLHF	TRBV7-2*01	6	1
CASSLASGNIWYNEQFF	TRBV5-5*01	5	1
CASSLASYGYTF	TRBV7-2*01	5	1
CASSLATSSYEQYF	TRBV7-2*01	5	1
CASSLDAQNSPLHF	TRBV7-6*01	5	1
CASSLDGGRDNEAFF	TRBV5-1*01	5	1
CASSLDGSPSLAKNIQYF	TRBV7-2*01	5	1
CASSLDGTQGTQYF	TRBV7-2*01	5	2
CASSLDLFSGNTIYF	TRBV6-6*01	6	1
CASSLDQETQYF	TRBV5-1*01	5	1
CASSLEETQYF	TRBV5-1*01	5	1
CASSLEGGGGNQPQHF	TRBV5-1*01	5	1
CASSLEGIGQGIGLGTEAFF	TRBV5-1*01	5	1
CASSLEGTYSNTGELFF	TRBV5-6*01	5	1
CASSLFPRGGARSPLHF	TRBV28*01	5	1
CASSLFSASGGKNEQFF	TRBV7-3*01	5	1
CASSLGAGGHNEQFF	TRBV5-6*01	5	1
CASSLGETGYEQYF	TRBV5-1*01	6	1
CASSLGETQYF	TRBV5-1*01	5	1
CASSLGGEETQYF	TRBV5-1*01	5	1
CASSLGQGLKETQYF	TRBV4-1*01	5	1
CASSLGQSGANVLTF	TRBV28*01	5	1
CASSLGQSTQYF	TRBV5-1*01	5	1
CASSLGSQGPYNEQFF	TRBV5-1*01	5	1
CASSLGSRAQETQYF	TRBV5-1*01	5	1
CASSLGTGGDEQYF	TRBV12-4*01	5	1
CASSLGTVDSYEQYF	TRBV7-2*01	5	1
CASSLGVETGNAFF	TRBV5-1*01	5	1
CASSLGWGEETQYF	TRBV7-7*01	5	1
CASSLIAGNSDTQYF	TRBV27*01	16	1
CASSLIQGNNEQFF	TRBV7-2*01	6	1
CASSLLVGNTEAFF	TRBV7-9*01	5	1
CASSLMGASGIDGQFF	TRBV7-2*01	5	1
CASSLMPGQGSYEQYF	TRBV5-1*01	5	1
CASSLMSSYNSPLHF	TRBV12-3*01	6	1
CASSLMYEQYF	TRBV12-3*01	5	1
CASSLNKAPSEQYF	TRBV7-9*01	5	1
CASSLNPSAGIAWSEQFF	TRBV4-2*01	5	1
CASSLQGSRRQGQNEQYF	TRBV5-1*01	5	1
CASSLRAGVDVPEQFF	TRBV7-9*01	5	1
CASSLRGGFDNSPLHF	TRBV5-1*01	5	1
CASSLRKSSYNEQFF	TRBV5-1*01	5	1
CASSLRQGLNEQFF	TRBV4-2*01	5	1
CASSLRYRGRWSNEQFF	TRBV12-4*01	5	1
CASSLSGVSDGQFF	TRBV7-9*01	5	1
CASSLSKGQPQHF	TRBV27*01	5	1
CASSLSRSRRNTIYF	TRBV27*01	5	1
CASSLTEPGGTDTQYF	TRBV27*01	5	1
CASSLTGTGGNTEAFF	TRBV28*01	5	1
CASSLTTGGNQPQHF	TRBV7-9*01	5	1
CASSLVGQVNTEAFF	TRBV12-3*01	5	1
CASSLVQGRGQYF	TRBV12-3*01	5	1
CASSLVSGQGQREQYF	TRBV5-1*01	5	1
CASSLVTGDFEKLFF	TRBV7-2*01	5	1
CASSLVVGLALEQYF	TRBV12-3*01	16	1
CASSLWADQPQHF	TRBV5-1*01	5	1
CASSLWDYGYTF	TRBV5-6*01	16	1
CASSLWGVGTEAFF	TRBV12-3*01	16	1
CASSLYDRGNYGYTF	TRBV7-2*01	5	1
CASSLYRQGADGYTF	TRBV7-2*01	5	1
CASSLYSVNTEAFF	TRBV5-1*01	5	1
CASSPASTDTQYF	TRBV27*01	5	1
CASSPDTSGANVLTF	TRBV5-1*01	5	1
CASSPEGGSYEQYF	TRBV27*01	5	1
CASSPEGNYGYTF	TRBV27*01	5	1
CASSPFGTGSGYRTEAFF	TRBV6-1*01	5	1
CASSPFKRASETQYF	TRBV7-8*01	5	1
CASSPGGADRRIDGYTF	TRBV6-5*01	5	1
CASSPGLLAGGSSWETQYF	TRBV7-2*01	16	1
CASSPLAGGADTQYF	TRBV4-2*01	5	1
CASSPLGGPRDIQYF	TRBV7-9*01	5	1
CASSPLSGGAEQYF	TRBV7-2*01	5	1
CASSPPISGANVLTF	TRBV7-2*01	5	1
CASSPPKTRSSGSGANVLTF	TRBV18*01	5	1
CASSPQDGFNEQFF	TRBV11-3*01	5	1
CASSPQGGELFF	TRBV7-6*01	6	1
CASSPRAGKETQYF	TRBV12-4*01	5	1
CASSPRDSQTLHF	TRBV6-5*01	5	1
CASSPRGLGNTIYF	TRBV6-1*01	5	1
CASSPRTAQETQYF	TRBV3-1*01	5	1
CASSPRTGTYNEQFF	TRBV6-5*01	5	1
CASSPSGSAYEQYF	TRBV18*01	5	1
CASSPSRGRSHEQYF	TRBV18*01	5	1
CASSPTGTGGIGIYGYTF	TRBV5-1*01	6	1
CASSPTQSRAGNTIYF	TRBV3-1*01	5	1
CASSPYNEQFF	TRBV7-2*01	5	1
CASSPYWGQVNEQYF	TRBV25-1*01	5	1
CASSQAGASGRAAVPIF	TRBV4-2*01	5	1
CASSQDAGISYNEQFF	TRBV4-1*01	5	1
CASSQDGTGISTGELFF	TRBV14*01	5	1
CASSQDQWGLAGYQETQYF	TRBV4-3*01	6	1
CASSQDSGTRANNEQFF	TRBV4-1*01	5	1
CASSQEEGSGANVLTF	TRBV4-3*01	5	1
CASSQEGASGETYNEQFF	TRBV4-1*01	5	1
CASSQEGGQGTFQPQHF	TRBV4-1*01	5	1
CASSQEGNYGYTF	TRBV14*01	5	1
CASSQEGNYGYTF	TRBV4-2*01	5	1
CASSQERARHKLFF	TRBV4-2*01	6	1
CASSQEVGSGNTIYF	TRBV4-3*01	16	1
CASSQEYSPIGIADTQYF	TRBV4-1*01	5	1
CASSQGEGVAEQFF	TRBV5-1*01	5	1
CASSQGTGDQETQYF	TRBV3-1*01	5	1
CASSQGYANTEAFF	TRBV7-3*01	5	1
CASSQLSSVNNEQFF	TRBV4-1*01	5	1
CASSQRGEQNQPQHF	TRBV14*01	5	1
CASSQVSGWAQYF	TRBV14*01	5	1
CASSRDRAGYGYTF	TRBV12-4*01	5	1
CASSRDRGPGGYGYTF	TRBV19*01	5	1
CASSRDRGSTDTQYF	TRBV7-9*01	6	1
CASSRDTQETQYF	TRBV7-8*01	5	1
CASSRFSGRAADEQFF	TRBV7-7*01	5	1
CASSRGLAGGNGELFF	TRBV5-6*01	5	1
CASSRGTEAFF	TRBV3-1*01	5	1
CASSRGTGGRETQYF	TRBV10-2*01	5	1
CASSRLAGTDTQYF	TRBV12-3*01	16	1
CASSRQGEAFF	TRBV6-1*01	5	1
CASSRRTPRRETQYF	TRBV14*01	5	1
CASSRRVPTSGMSPYEQYF	TRBV6-5*01	5	1
CASSRTGGGVNTGELFF	TRBV2*01	5	1
CASSRTSGYNEQFF	TRBV5-1*01	5	1
CASSRYLSGGTDTQYF	TRBV7-2*01	5	1
CASSSAGGGGNTIYF	TRBV7-8*01	16	1
CASSSDLYEQYF	TRBV5-4*01	16	1
CASSSDRGRNIQYF	TRBV5-1*01	5	1
CASSSDWGLMNTEAFF	TRBV5-6*01	16	1
CASSSFGYNEQFF	TRBV7-3*01	5	1
CASSSGDQNQPQHF	TRBV5-1*01	5	1
CASSSGGHRTGELFF	TRBV4-2*01	5	1
CASSSGGYDEQYF	TRBV11-1*01	5	1
CASSSGLPNTGELFF	TRBV12-3*01	5	1
CASSSGYSGDTQYF	TRBV7-9*01	5	1
CASSSIRGNEQFF	TRBV11-2*01	5	1
CASSSIYNEKLFF	TRBV27*01	5	1
CASSSLAGGPIVGELFF	TRBV7-2*01	5	1
CASSSLAGGPIVGERVF	TRBV7-2*01	5	1
CASSSLHGVDEQFF	TRBV5-5*01	5	1
CASSSNRGMTQYF	TRBV11-2*01	5	1
CASSSPGYGYTF	TRBV12-4*01	5	1
CASSSPLAGGGRETQYF	TRBV7-2*01	5	1
CASSSQGGEGTEAFF	TRBV5-1*01	5	1
CASSSRPESSYEQYF	TRBV9*01	5	1
CASSSRQGGNQPQHF	TRBV11-1*01	5	1
CASSSTGISSYEQYF	TRBV5-4*01	5	1
CASSSTGYYGYTF	TRBV11-2*01	6	1
CASSSYLRLSADTQYF	TRBV5-1*01	5	1
CASSTDRNQPQHF	TRBV5-1*01	5	1
CASSTLDEQFF	TRBV3-1*01	5	1
CASSTRGRSNEKLFF	TRBV6-5*01	5	1
CASSTRLAADTQYF	TRBV2*01	5	1
CASSTTWDRVFEKLFF	TRBV7-9*01	5	1
CASSVAGRTGGHGYTF	TRBV9*01	5	1
CASSVEGISGSQFF	TRBV9*01	5	1
CASSVGQGNQPQHF	TRBV9*01	6	1
CASSVGSGGLYQPQHF	TRBV9*01	5	1
CASSVLAGGLDTQYF	TRBV10-2*01	16	1
CASSVPTGRGYTF	TRBV7-2*01	5	1
CASSWGGEAFF	TRBV12-3*01	5	1
CASSWGQNEQFF	TRBV7-9*01	5	1
CASSWQRPINEQFF	TRBV7-8*01	5	1
CASSWTGTDYGYTF	TRBV5-1*01	5	1
CASSWTSFDEQYF	TRBV28*01	5	1
CASSYDRNQPQHF	TRBV5-1*01	5	1
CASSYFGVNSPLHF	TRBV6-1*01	16	1
CASSYGGGTEAFF	TRBV6-2*01	6	1
CASSYIRGGEQYF	TRBV6-5*01	5	1
CASSYMLQTFNTEAFF	TRBV6-1*01	16	1
CASSYSGGGSYNEQFF	TRBV6-5*01	5	1
CASSYSPHRVVGQETYEQYF	TRBV6-5*01	5	1
CASSYSTGSNQPQHF	TRBV6-5*01	5	1
CASSYSWDRVLEQYF	TRBV6-5*01	5	1
CASSYVTGGVPVEQYF	TRBV7-9*01	5	1
CASTGLAGEETQYF	TRBV5-1*01	5	1
CASTLKGSRETQYF	TRBV12-4*01	6	1
CASTPRASGETQYF	TRBV5-1*01	5	1
CASTPSRGHPNTGELFF	TRBV28*01	5	1
CASTQNRGWYEQYF	TRBV28*01	5	1
CASTRTVEGGEQYF	TRBV27*01	5	1
CASTSGSFTGELFF	TRBV5-1*01	5	1
CASTSTPGQVGQPQHF	TRBV27*01	16	1
CASYSGLASTDTQYF	TRBV12-3*01	5	1
CATSALAGQGRDEQFF	TRBV24-1*01	16	1
CATSDLQGTGELFF	TRBV24-1*01	5	1
CATSRDVNTGELFF	TRBV15*01	5	1
CATSSLATGELFF	TRBV24-1*01	5	1
CAWSEASGFTDTQYF	TRBV30*01	5	1
CAWSETSGKYNEQFF	TRBV30*01	5	1
CAWSLQGRRDRGRNEQFF	TRBV30*01	5	1
CAWSRWRQETQYF	TRBV30*01	5	1
CPSSQGDGVAEQFF	TRBV5-1*01	5	1
CSAEPIFSGYNEQFF	TRBV20-1*01	5	1
CSAEVRGLTDTQYF	TRBV20-1*01	5	1
CSAFVQETQYF	TRBV20-1*02	5	1
CSAGALETQYF	TRBV29-1*01	5	1
CSAGLAGGHEQYF	TRBV29-1*01	5	1
CSAGSVLAGSADTQYF	TRBV20-1*02	5	1
CSAGWLGSLRTEAFF	TRBV20-1*02	5	1
CSAHPRGVGELFF	TRBV20-1*02	5	1
CSAIPFRPGGLNEQFF	TRBV20-1*01	5	1
CSAISGGADTQYF	TRBV20-1*02	5	1
CSALGPDTQYF	TRBV20-1*01	5	1
CSALTSDIRTEAFF	TRBV20-1*02	6	1
CSAPLQGNNSPLHF	TRBV20-1*02	6	1
CSAPPPGQGVYTDTQYF	TRBV20-1*01	5	1
CSAPVGLGAADTQYF	TRBV20-1*01	6	1
CSAQAGTGGLSEQFF	TRBV20-1*02	5	1
CSAQTSGSGEQYF	TRBV29-1*01	5	1
CSARAAYIGGAREQYF	TRBV20-1*01	6	1
CSARAGGGQETQYF	TRBV20-1*01	5	1
CSARALGRPQETQYF	TRBV20-1*01	5	1
CSARAQGPSQETQYF	TRBV20-1*02	6	1
CSARDFYSTSGRVSAKNIQYF	TRBV20-1*01	5	1
CSARDPAGANRETQYF	TRBV20-1*01	5	1
CSARDPGDDKPQHF	TRBV20-1*01	5	1
CSARDPLINTQYF	TRBV20-1*02	5	1
CSARDRGVGYEQYF	TRBV20-1*01	5	1
CSARDYRGTYEQYF	TRBV20-1*02	6	1
CSAREFGTGNQPQHF	TRBV20-1*02	5	1
CSARENRVGETQYF	TRBV20-1*01	5	1
CSARGGVDSNQPQHF	TRBV20-1*01	5	1
CSARGLAGATDTQYF	TRBV20-1*01	5	1
CSARGTSGGSIGELFF	TRBV20-1*02	5	1
CSARPPLSAGGKYNEQFF	TRBV20-1*01	5	1
CSARPPTRDTQYF	TRBV20-1*01	5	1
CSARPTSGELFF	TRBV20-1*01	5	1
CSARQGAANYGYTF	TRBV20-1*01	5	1
CSARQVVIWNTEAFF	TRBV20-1*01	5	1
CSARRGYEQYF	TRBV20-1*01	5	1
CSARSRGDTDTQYF	TRBV20-1*01	6	1
CSARVFDRGLNSPTEAFF	TRBV20-1*01	5	1
CSARVSATAQYF	TRBV20-1*01	5	1
CSASDREGHPDTQYF	TRBV20-1*02	5	1
CSASEGQGLNQPQHF	TRBV20-1*01	5	1
CSASGREGHPDTQYF	TRBV20-1*02	5	1
CSASKGQGEAFF	TRBV20-1*01	5	1
CSASLDSGTQETQYF	TRBV20-1*01	5	2
CSASNPIYEQYF	TRBV20-1*02	5	1
CSASPGANGLDQPQHF	TRBV20-1*01	5	1
CSASPGPINNEQFF	TRBV20-1*01	6	1
CSASPYGRERGGDTQYF	TRBV20-1*01	5	1
CSASVSLIYNEQFF	TRBV20-1*01	5	1
CSASYPRTGNRVNTEAFF	TRBV20-1*02	5	1
CSATDRASNQPQHF	TRBV20-1*02	6	1
CSATGGGPYEQYF	TRBV20-1*01	5	1
CSATGTGANYEQYF	TRBV20-1*01	5	1
CSATLNNEQFF	TRBV20-1*01	5	1
CSATPGQGYEQYF	TRBV20-1*01	5	1
CSAVAGGTQADTQYF	TRBV20-1*01	6	1
CSAVEGAGGGETQYF	TRBV29-1*01	5	1
CSAVFTDTQYF	TRBV20-1*02	6	1
CSAVRGGGNTEAFF	TRBV20-1*01	5	1
CSAVRGLANTEAFF	TRBV20-1*01	5	2
CSAWSSYEQYF	TRBV20-1*01	5	1
CSDSNPIDEQYF	TRBV20-1*02	5	1
CSIGTGGYNEQFF	TRBV29-1*01	5	1
CSLIDNTEAFF	TRBV29-1*01	5	1
CSTSAAYNEQFF	TRBV20-1*01	5	1
CSVADRGLSGPGYEQYF	TRBV29-1*01	5	1
CSVARAGGRRETQYF	TRBV29-1*01	5	1
CSVDYGGNTEAFF	TRBV29-1*01	5	1
CSVDYTAGTGGTEAFF	TRBV29-1*01	5	1
CSVEGSSRNIQYF	TRBV29-1*01	5	1
CSVEGWTGADNEQFF	TRBV29-1*01	5	1
CSVEITGGLGESFF	TRBV29-1*01	5	1
CSVGQGGLGANVLTF	TRBV29-1*01	5	1
CSVGQGTGKQETQYF	TRBV29-1*01	5	1
CSVGTREGGEQYF	TRBV29-1*01	5	1
CSVRPTRNEQFF	TRBV29-1*01	6	1
CSVVGGLLEAFF	TRBV29-1*01	16	1
CSVVRGAGELFF	TRBV29-1*01	5	1
CSVVRTDTQYF	TRBV29-1*01	5	1
